theta_0,theta_1,FB_y_0,FB_y_1,y_0,y_1,FB_surplus,SB_surplus,info_rents
1.0,0.0,1.0,1.0,0.0,1.0,2.0,1.6321205588285577,0.70366688530556
1.1052631578947367,0.0,1.105263,1.0,0.0,1.0,2.1052631578947243,1.6688762670489887,0.740422593525991
1.2105263157894737,0.0,1.210526,1.0,0.0,1.0,2.2105263157894237,1.7019596252123375,0.7735059516893397
1.3157894736842106,0.0,1.315789,1.0,0.0,1.0,2.3157894736840983,1.731737546530039,0.8032838730070414
1.4210526315789473,0.0,1.421053,1.0,0.0,1.0,2.4210526315788794,1.7585402850436158,0.830086611520618
1.526315789473684,0.0,1.526316,1.0,0.0,1.0,2.526315789473662,1.7826650983293608,0.8542114248063631
1.631578947368421,0.0,1.631579,1.0,0.0,1.0,2.6315789473684195,1.8043795442535062,0.8759258707305085
1.736842105263158,0.0,1.736842,1.0,0.0,1.0,2.736842105263152,1.8239244483407533,0.8954707748177556
1.8421052631578947,0.0,1.842105,1.0,0.0,1.0,2.84210526315786,1.8415165746659716,0.913062901142974
1.9473684210526314,0.0,1.947368,1.0,0.0,1.0,2.947368421052543,1.8573510298907672,0.9288973563677695
2.052631578947368,0.0,2.052632,1.0,0.0,1.0,3.0526315789472793,1.8716034271070512,0.9431497535840535
2.1578947368421053,0.0,2.157895,1.0,0.0,1.0,3.1578947368420707,1.8844318334858605,0.9559781599628628
2.263157894736842,0.0,2.263158,1.0,0.0,1.0,3.2631578947368363,1.8959785233319624,0.9675248498089647
2.3684210526315788,0.0,2.368421,1.0,0.0,1.0,3.3684210526315774,1.9063715559866112,0.9779178824636136
2.473684210526316,0.0,2.473684,1.0,0.0,1.0,3.4736842105262937,1.9157261960782965,0.9872725225552987
2.5789473684210527,0.0,2.578947,1.0,0.0,1.0,3.5789473684209847,1.9241461918728655,0.9956925183498677
2.6842105263157894,0.0,2.684211,1.0,0.0,1.0,3.6842105263156775,1.931724925900653,1.0032712523776555
2.789473684210526,0.0,2.789474,1.0,0.0,1.0,3.789473684210476,1.9385464506217218,1.010092777098724
2.894736842105263,0.0,2.894737,1.0,0.0,1.0,3.8947368421052504,1.9446864206153296,1.0162327470923318
3.0,0.0,3.0,1.0,0.0,1.0,4.0,1.950212931632136,1.0217592581091384
1.0,0.05263157894736842,1.0,1.0,0.0,1.0,1.9473684210526316,1.5794889798811893,0.6534049649265914
1.1052631578947367,0.05263157894736842,1.105263,1.0,0.0,1.0,2.0526315789473557,1.6162446881016204,0.6901606731470225
1.2105263157894737,0.05263157894736842,1.210526,1.0,0.0,1.0,2.1578947368420556,1.6493280462649689,0.723244031310371
1.3157894736842106,0.05263157894736842,1.315789,1.0,0.0,1.0,2.2631578947367297,1.6791059675826707,0.7530219526280728
1.4210526315789473,0.05263157894736842,1.421053,1.0,0.0,1.0,2.3684210526315113,1.7059087060962472,0.7798246911416493
1.526315789473684,0.05263157894736842,1.526316,1.0,0.0,1.0,2.4736842105262937,1.7300335193819925,0.8039495044273945
1.631578947368421,0.05263157894736842,1.631579,1.0,0.0,1.0,2.5789473684210513,1.7517479653061379,0.8256639503515399
1.736842105263158,0.05263157894736842,1.736842,1.0,0.0,1.0,2.684210526315784,1.771292869393385,0.845208854438787
1.8421052631578947,0.05263157894736842,1.842105,1.0,0.0,1.0,2.789473684210492,1.7888849957186033,0.8628009807640054
1.9473684210526314,0.05263157894736842,1.947368,1.0,0.0,1.0,2.8947368421051745,1.8047194509433988,0.8786354359888009
2.052631578947368,0.05263157894736842,2.052632,1.0,0.0,1.0,2.999999999999911,1.8189718481596828,0.8928878332050849
2.1578947368421053,0.05263157894736842,2.157895,1.0,0.0,1.0,3.1052631578947025,1.8318002545384922,0.9057162395838942
2.263157894736842,0.05263157894736842,2.263158,1.0,0.0,1.0,3.210526315789468,1.843346944384594,0.9172629294299961
2.3684210526315788,0.05263157894736842,2.368421,1.0,0.0,1.0,3.315789473684209,1.8537399770392429,0.927655962084645
2.473684210526316,0.05263157894736842,2.473684,1.0,0.0,1.0,3.4210526315789256,1.863094617130928,0.93701060217633
2.5789473684210527,0.05263157894736842,2.578947,1.0,0.0,1.0,3.5263157894736166,1.871514612925497,0.945430597970899
2.6842105263157894,0.05263157894736842,2.684211,1.0,0.0,1.0,3.6315789473683093,1.879093346953285,0.9530093319986868
2.789473684210526,0.05263157894736842,2.789474,1.0,0.0,1.0,3.736842105263108,1.8859148716743532,0.9598308567197553
2.894736842105263,0.05263157894736842,2.894737,1.0,0.0,1.0,3.8421052631578823,1.892054841667961,0.9659708267133631
3.0,0.05263157894736842,3.0,1.0,0.0,1.0,3.947368421052632,1.8975813526847678,0.9714973377301697
1.0,0.10526315789473684,1.0,1.0,0.0,1.0,1.8947368421052633,1.526857400933821,0.6031430445476228
1.1052631578947367,0.10526315789473684,1.105263,1.0,0.0,1.0,1.9999999999999876,1.563613109154252,0.6398987527680539
1.2105263157894737,0.10526315789473684,1.210526,1.0,0.0,1.0,2.105263157894687,1.5966964673176005,0.6729821109314025
1.3157894736842106,0.10526315789473684,1.315789,1.0,0.0,1.0,2.2105263157893615,1.6264743886353021,0.7027600322491042
1.4210526315789473,0.10526315789473684,1.421053,1.0,0.0,1.0,2.3157894736841427,1.6532771271488789,0.7295627707626808
1.526315789473684,0.10526315789473684,1.526316,1.0,0.0,1.0,2.421052631578925,1.677401940434624,0.753687584048426
1.631578947368421,0.10526315789473684,1.631579,1.0,0.0,1.0,2.5263157894736827,1.6991163863587695,0.7754020299725713
1.736842105263158,0.10526315789473684,1.736842,1.0,0.0,1.0,2.6315789473684155,1.7186612904460166,0.7949469340598184
1.8421052631578947,0.10526315789473684,1.842105,1.0,0.0,1.0,2.7368421052631233,1.736253416771235,0.8125390603850368
1.9473684210526314,0.10526315789473684,1.947368,1.0,0.0,1.0,2.842105263157806,1.7520878719960304,0.8283735156098323
2.052631578947368,0.10526315789473684,2.052632,1.0,0.0,1.0,2.9473684210525426,1.7663402692123142,0.8426259128261163
2.1578947368421053,0.10526315789473684,2.157895,1.0,0.0,1.0,3.052631578947334,1.7791686755911238,0.8554543192049257
2.263157894736842,0.10526315789473684,2.263158,1.0,0.0,1.0,3.1578947368420995,1.7907153654372254,0.8670010090510275
2.3684210526315788,0.10526315789473684,2.368421,1.0,0.0,1.0,3.2631578947368407,1.8011083980918743,0.8773940417056764
2.473684210526316,0.10526315789473684,2.473684,1.0,0.0,1.0,3.368421052631557,1.8104630381835596,0.8867486817973615
2.5789473684210527,0.10526315789473684,2.578947,1.0,0.0,1.0,3.473684210526248,1.8188830339781286,0.8951686775919305
2.6842105263157894,0.10526315789473684,2.684211,1.0,0.0,1.0,3.5789473684209407,1.8264617680059163,0.9027474116197183
2.789473684210526,0.10526315789473684,2.789474,1.0,0.0,1.0,3.684210526315739,1.8332832927269849,0.9095689363407868
2.894736842105263,0.10526315789473684,2.894737,1.0,0.0,1.0,3.7894736842105137,1.8394232627205926,0.9157089063343946
3.0,0.10526315789473684,3.0,1.0,0.0,1.0,3.8947368421052633,1.8449497737373992,0.9212354173512012
1.0,0.15789473684210525,1.0,1.0,0.0,1.0,1.8421052631578947,1.4742258219864524,0.5528811241686543
1.1052631578947367,0.15789473684210525,1.105263,1.0,0.0,1.0,1.947368421052619,1.5109815302068834,0.5896368323890853
1.2105263157894737,0.15789473684210525,1.210526,1.0,0.0,1.0,2.0526315789473184,1.5440648883702321,0.622720190552434
1.3157894736842106,0.15789473684210525,1.315789,1.0,0.0,1.0,2.157894736841993,1.5738428096879338,0.6524981118701356
1.4210526315789473,0.15789473684210525,1.421053,1.0,0.0,1.0,2.263157894736774,1.6006455482015105,0.6793008503837124
1.526315789473684,0.15789473684210525,1.526316,1.0,0.0,1.0,2.3684210526315566,1.6247703614872555,0.7034256636694574
1.631578947368421,0.15789473684210525,1.631579,1.0,0.0,1.0,2.473684210526314,1.646484807411401,0.7251401095936028
1.736842105263158,0.15789473684210525,1.736842,1.0,0.0,1.0,2.578947368421047,1.666029711498648,0.7446850136808498
1.8421052631578947,0.15789473684210525,1.842105,1.0,0.0,1.0,2.6842105263157547,1.6836218378238663,0.7622771400060682
1.9473684210526314,0.15789473684210525,1.947368,1.0,0.0,1.0,2.7894736842104377,1.6994562930486619,0.7781115952308637
2.052631578947368,0.15789473684210525,2.052632,1.0,0.0,1.0,2.894736842105174,1.7137086902649459,0.7923639924471477
2.1578947368421053,0.15789473684210525,2.157895,1.0,0.0,1.0,2.9999999999999654,1.7265370966437552,0.8051923988259571
2.263157894736842,0.15789473684210525,2.263158,1.0,0.0,1.0,3.105263157894731,1.738083786489857,0.8167390886720589
2.3684210526315788,0.15789473684210525,2.368421,1.0,0.0,1.0,3.210526315789472,1.748476819144506,0.8271321213267078
2.473684210526316,0.15789473684210525,2.473684,1.0,0.0,1.0,3.3157894736841884,1.7578314592361912,0.8364867614183931
2.5789473684210527,0.15789473684210525,2.578947,1.0,0.0,1.0,3.4210526315788794,1.7662514550307602,0.844906757212962
2.6842105263157894,0.15789473684210525,2.684211,1.0,0.0,1.0,3.526315789473572,1.7738301890585477,0.8524854912407498
2.789473684210526,0.15789473684210525,2.789474,1.0,0.0,1.0,3.6315789473683706,1.7806517137796165,0.8593070159618184
2.894736842105263,0.15789473684210525,2.894737,1.0,0.0,1.0,3.736842105263145,1.7867916837732243,0.8654469859554261
3.0,0.15789473684210525,3.0,1.0,0.0,1.0,3.8421052631578947,1.7923181947900306,0.8709734969722327
1.0,0.21052631578947367,1.0,1.0,0.0,1.0,1.7894736842105263,1.421594243039084,0.5026192037896857
1.1052631578947367,0.21052631578947367,1.105263,1.0,0.0,1.0,1.8947368421052506,1.458349951259515,0.5393749120101168
1.2105263157894737,0.21052631578947367,1.210526,1.0,0.0,1.0,1.99999999999995,1.4914333094228636,0.5724582701734654
1.3157894736842106,0.21052631578947367,1.315789,1.0,0.0,1.0,2.1052631578946244,1.5212112307405654,0.6022361914911671
1.4210526315789473,0.21052631578947367,1.421053,1.0,0.0,1.0,2.210526315789406,1.548013969254142,0.6290389300047438
1.526315789473684,0.21052631578947367,1.526316,1.0,0.0,1.0,2.3157894736841884,1.5721387825398871,0.6531637432904889
1.631578947368421,0.21052631578947367,1.631579,1.0,0.0,1.0,2.421052631578946,1.5938532284640325,0.6748781892146343
1.736842105263158,0.21052631578947367,1.736842,1.0,0.0,1.0,2.5263157894736787,1.6133981325512796,0.6944230933018813
1.8421052631578947,0.21052631578947367,1.842105,1.0,0.0,1.0,2.6315789473683866,1.630990258876498,0.7120152196270997
1.9473684210526314,0.21052631578947367,1.947368,1.0,0.0,1.0,2.736842105263069,1.6468247141012935,0.7278496748518952
2.052631578947368,0.21052631578947367,2.052632,1.0,0.0,1.0,2.842105263157806,1.6610771113175775,0.7421020720681792
2.1578947368421053,0.21052631578947367,2.157895,1.0,0.0,1.0,2.947368421052597,1.6739055176963868,0.7549304784469886
2.263157894736842,0.21052631578947367,2.263158,1.0,0.0,1.0,3.052631578947363,1.6854522075424887,0.7664771682930904
2.3684210526315788,0.21052631578947367,2.368421,1.0,0.0,1.0,3.1578947368421035,1.6958452401971376,0.7768702009477393
2.473684210526316,0.21052631578947367,2.473684,1.0,0.0,1.0,3.2631578947368203,1.7051998802888226,0.7862248410394245
2.5789473684210527,0.21052631578947367,2.578947,1.0,0.0,1.0,3.3684210526315113,1.7136198760833916,0.7946448368339935
2.6842105263157894,0.21052631578947367,2.684211,1.0,0.0,1.0,3.473684210526204,1.7211986101111796,0.8022235708617812
2.789473684210526,0.21052631578947367,2.789474,1.0,0.0,1.0,3.5789473684210025,1.728020134832248,0.8090450955828498
2.894736842105263,0.21052631578947367,2.894737,1.0,0.0,1.0,3.684210526315777,1.7341601048258557,0.8151850655764575
3.0,0.21052631578947367,3.0,1.0,0.0,1.0,3.7894736842105265,1.7396866158426625,0.8207115765932641
1.0,0.2631578947368421,1.0,1.0,0.0,1.0,1.736842105263158,1.3689626640917156,0.4523572834107171
1.1052631578947367,0.2631578947368421,1.105263,1.0,0.0,1.0,1.8421052631578823,1.4057183723121467,0.4891129916311482
1.2105263157894737,0.2631578947368421,1.210526,1.0,0.0,1.0,1.9473684210525817,1.4388017304754954,0.5221963497944968
1.3157894736842106,0.2631578947368421,1.315789,1.0,0.0,1.0,2.0526315789472562,1.468579651793197,0.5519742711121985
1.4210526315789473,0.2631578947368421,1.421053,1.0,0.0,1.0,2.1578947368420374,1.4953823903067738,0.5787770096257752
1.526315789473684,0.2631578947368421,1.526316,1.0,0.0,1.0,2.26315789473682,1.5195072035925188,0.6029018229115204
1.631578947368421,0.2631578947368421,1.631579,1.0,0.0,1.0,2.368421052631578,1.5412216495166642,0.6246162688356658
1.736842105263158,0.2631578947368421,1.736842,1.0,0.0,1.0,2.4736842105263106,1.5607665536039113,0.6441611729229129
1.8421052631578947,0.2631578947368421,1.842105,1.0,0.0,1.0,2.578947368421018,1.5783586799291296,0.6617532992481312
1.9473684210526314,0.2631578947368421,1.947368,1.0,0.0,1.0,2.6842105263157006,1.5941931351539251,0.6775877544729267
2.052631578947368,0.2631578947368421,2.052632,1.0,0.0,1.0,2.7894736842104373,1.6084455323702092,0.6918401516892108
2.1578947368421053,0.2631578947368421,2.157895,1.0,0.0,1.0,2.8947368421052286,1.6212739387490185,0.7046685580680201
2.263157894736842,0.2631578947368421,2.263158,1.0,0.0,1.0,2.9999999999999942,1.6328206285951203,0.7162152479141219
2.3684210526315788,0.2631578947368421,2.368421,1.0,0.0,1.0,3.1052631578947354,1.6432136612497692,0.7266082805687708
2.473684210526316,0.2631578947368421,2.473684,1.0,0.0,1.0,3.2105263157894517,1.6525683013414545,0.7359629206604559
2.5789473684210527,0.2631578947368421,2.578947,1.0,0.0,1.0,3.3157894736841427,1.6609882971360235,0.7443829164550249
2.6842105263157894,0.2631578947368421,2.684211,1.0,0.0,1.0,3.4210526315788354,1.668567031163811,0.7519616504828126
2.789473684210526,0.2631578947368421,2.789474,1.0,0.0,1.0,3.526315789473634,1.6753885558848798,0.7587831752038812
2.894736842105263,0.2631578947368421,2.894737,1.0,0.0,1.0,3.6315789473684084,1.6815285258784876,0.7649231451974889
3.0,0.2631578947368421,3.0,1.0,0.0,1.0,3.736842105263158,1.687055036895294,0.7704496562142955
1.0,0.3157894736842105,1.0,1.0,0.0,1.0,1.6842105263157894,1.316331085144347,0.40209536303174853
1.1052631578947367,0.3157894736842105,1.105263,1.0,0.0,1.0,1.7894736842105137,1.353086793364778,0.4388510712521796
1.2105263157894737,0.3157894736842105,1.210526,1.0,0.0,1.0,1.894736842105213,1.3861701515281268,0.4719344294155282
1.3157894736842106,0.3157894736842105,1.315789,1.0,0.0,1.0,1.9999999999998876,1.4159480728458287,0.50171235073323
1.4210526315789473,0.3157894736842105,1.421053,1.0,0.0,1.0,2.105263157894669,1.4427508113594052,0.5285150892468066
1.526315789473684,0.3157894736842105,1.526316,1.0,0.0,1.0,2.2105263157894512,1.4668756246451502,0.5526399025325517
1.631578947368421,0.3157894736842105,1.631579,1.0,0.0,1.0,2.3157894736842093,1.4885900705692956,0.5743543484566971
1.736842105263158,0.3157894736842105,1.736842,1.0,0.0,1.0,2.421052631578942,1.5081349746565427,0.5938992525439442
1.8421052631578947,0.3157894736842105,1.842105,1.0,0.0,1.0,2.5263157894736494,1.525727100981761,0.6114913788691625
1.9473684210526314,0.3157894736842105,1.947368,1.0,0.0,1.0,2.6315789473683324,1.5415615562065565,0.627325834093958
2.052631578947368,0.3157894736842105,2.052632,1.0,0.0,1.0,2.7368421052630687,1.5558139534228408,0.641578231310242
2.1578947368421053,0.3157894736842105,2.157895,1.0,0.0,1.0,2.84210526315786,1.56864235980165,0.6544066376890514
2.263157894736842,0.3157894736842105,2.263158,1.0,0.0,1.0,2.9473684210526256,1.580189049647752,0.6659533275351532
2.3684210526315788,0.3157894736842105,2.368421,1.0,0.0,1.0,3.052631578947367,1.5905820823024008,0.6763463601898021
2.473684210526316,0.3157894736842105,2.473684,1.0,0.0,1.0,3.157894736842083,1.599936722394086,0.6857010002814873
2.5789473684210527,0.3157894736842105,2.578947,1.0,0.0,1.0,3.263157894736774,1.6083567181886549,0.6941209960760563
2.6842105263157894,0.3157894736842105,2.684211,1.0,0.0,1.0,3.368421052631467,1.6159354522164426,0.701699730103844
2.789473684210526,0.3157894736842105,2.789474,1.0,0.0,1.0,3.4736842105262653,1.6227569769375112,0.7085212548249126
2.894736842105263,0.3157894736842105,2.894737,1.0,0.0,1.0,3.5789473684210398,1.628896946931119,0.7146612248185203
3.0,0.3157894736842105,3.0,1.0,0.0,1.0,3.6842105263157894,1.6344234579479255,0.7201877358353269
1.0,0.3684210526315789,1.0,1.0,-0.001212998835792588,1.0,1.631578947368421,1.2629324741617522,0.35183344265278
1.1052631578947367,0.3684210526315789,1.105263,1.0,-0.0013680427232662248,1.0,1.7368421052631453,1.299539853392955,0.38854459327155383
1.2105263157894737,0.3684210526315789,1.210526,1.0,0.0,1.0,1.8421052631578447,1.3335385725807583,0.42158784568899527
1.3157894736842106,0.3684210526315789,1.315789,1.0,0.0,1.0,1.9473684210525193,1.36331649389846,0.451365767006697
1.4210526315789473,0.3684210526315789,1.421053,1.0,0.0,1.0,2.0526315789473006,1.3901192324120366,0.4781685055202736
1.526315789473684,0.3684210526315789,1.526316,1.0,0.0,1.0,2.157894736842083,1.4142440456977818,0.5022933188060188
1.631578947368421,0.3684210526315789,1.631579,1.0,0.0,1.0,2.2631578947368407,1.4359584916219272,0.5240077647301642
1.736842105263158,0.3684210526315789,1.736842,1.0,0.0,1.0,2.3684210526315734,1.4555033957091743,0.5435526688174113
1.8421052631578947,0.3684210526315789,1.842105,1.0,0.0,1.0,2.4736842105262813,1.4730955220343926,0.5611447951426296
1.9473684210526314,0.3684210526315789,1.947368,1.0,0.0,1.0,2.578947368420964,1.4889299772591882,0.5769792503674251
2.052631578947368,0.3684210526315789,2.052632,1.0,0.0,1.0,2.6842105263157006,1.5031823744754722,0.5912316475837092
2.1578947368421053,0.3684210526315789,2.157895,1.0,0.0,1.0,2.789473684210492,1.5160107808542815,0.6040600539625185
2.263157894736842,0.3684210526315789,2.263158,1.0,0.0,1.0,2.8947368421052575,1.5275574707003834,0.6156067438086203
2.3684210526315788,0.3684210526315789,2.368421,1.0,0.0,1.0,2.9999999999999982,1.5379505033550323,0.6259997764632692
2.473684210526316,0.3684210526315789,2.473684,1.0,0.0,1.0,3.105263157894715,1.5473051434467173,0.6353544165549545
2.5789473684210527,0.3684210526315789,2.578947,1.0,0.0,1.0,3.210526315789406,1.5557251392412863,0.6437744123495235
2.6842105263157894,0.3684210526315789,2.684211,1.0,0.0,1.0,3.3157894736840987,1.5633038732690743,0.6513531463773112
2.789473684210526,0.3684210526315789,2.789474,1.0,0.0,1.0,3.421052631578897,1.5701253979901426,0.6581746710983798
2.894736842105263,0.3684210526315789,2.894737,1.0,0.0,1.0,3.5263157894736716,1.5762653679837504,0.6643146410919876
3.0,0.3684210526315789,3.0,1.0,0.0,1.0,3.6315789473684212,1.5817918790005572,0.6698411521087941
1.0,0.42105263157894735,1.0,1.0,-0.0012582694734784166,1.0,1.5789473684210527,1.210272258147881,0.3015715222738114
1.1052631578947367,0.42105263157894735,1.105263,1.0,-0.0013786974127901566,1.0,1.684210526315777,1.246901142934679,0.3382810109930045
1.2105263157894737,0.42105263157894735,1.210526,1.0,-0.000731855766486999,1.0,1.7894736842104764,1.280393180636176,0.37132276755519716
1.3157894736842106,0.42105263157894735,1.315789,1.0,-0.0007374000805066793,1.0,1.894736842105151,1.3101452587082494,0.40107890370224236
1.4210526315789473,0.42105263157894735,1.421053,1.0,0.0,1.0,1.999999999999932,1.3374876534646685,0.4278620336532751
1.526315789473684,0.42105263157894735,1.526316,1.0,0.0,1.0,2.1052631578947145,1.3616124667504135,0.4519868469390202
1.631578947368421,0.42105263157894735,1.631579,1.0,0.0,1.0,2.2105263157894726,1.3833269126745589,0.4737012928631656
1.736842105263158,0.42105263157894735,1.736842,1.0,0.0,1.0,2.3157894736842053,1.402871816761806,0.49324619695041266
1.8421052631578947,0.42105263157894735,1.842105,1.0,0.0,1.0,2.4210526315789127,1.4204639430870243,0.5108383232756311
1.9473684210526314,0.42105263157894735,1.947368,1.0,0.0,1.0,2.5263157894735953,1.4362983983118198,0.5266727785004266
2.052631578947368,0.42105263157894735,2.052632,1.0,0.0,1.0,2.631578947368332,1.4505507955281038,0.5409251757167106
2.1578947368421053,0.42105263157894735,2.157895,1.0,0.0,1.0,2.7368421052631233,1.4633792019069132,0.55375358209552
2.263157894736842,0.42105263157894735,2.263158,1.0,0.0,1.0,2.842105263157889,1.474925891753015,0.5653002719416218
2.3684210526315788,0.42105263157894735,2.368421,1.0,0.0,1.0,2.94736842105263,1.4853189244076639,0.5756933045962707
2.473684210526316,0.42105263157894735,2.473684,1.0,0.0,1.0,3.0526315789473464,1.4946735644993492,0.5850479446879558
2.5789473684210527,0.42105263157894735,2.578947,1.0,0.0,1.0,3.1578947368420374,1.5030935602939182,0.5934679404825248
2.6842105263157894,0.42105263157894735,2.684211,1.0,0.0,1.0,3.26315789473673,1.5106722943217057,0.6010466745103126
2.789473684210526,0.42105263157894735,2.789474,1.0,0.0,1.0,3.3684210526315286,1.5174938190427745,0.6078681992313811
2.894736842105263,0.42105263157894735,2.894737,1.0,0.0,1.0,3.473684210526303,1.5236337890363822,0.6140081692249889
3.0,0.42105263157894735,3.0,1.0,0.0,1.0,3.5789473684210527,1.5291603000531886,0.6195346802417955
1.0,0.47368421052631576,1.0,1.0,-0.0013407549996212675,1.0,1.5263157894736843,1.1575884989959047,0.2513096018948428
1.1052631578947367,0.47368421052631576,1.105263,1.0,-0.0014499698941765852,1.0,1.6315789473684086,1.194221858161327,0.28801606273742414
1.2105263157894737,0.47368421052631576,1.210526,1.0,-0.0011461749722982174,1.0,1.736842105263108,1.2274706504364503,0.32105509394534487
1.3157894736842106,0.47368421052631576,1.315789,1.0,-0.0007155284322054471,1.0,1.8421052631577826,1.2575296883280136,0.350798904107316
1.4210526315789473,0.47368421052631576,1.421053,1.0,-0.0005886951195785786,1.0,1.9473684210525637,1.2844094837213262,0.3775824713590347
1.526315789473684,0.47368421052631576,1.526316,1.0,-0.000469266188523653,1.0,2.052631578947346,1.308613585609463,0.40169308666448883
1.631578947368421,0.47368421052631576,1.631579,1.0,-0.00036693873255202504,1.0,2.157894736842104,1.3304001625487785,0.4233973451238628
1.736842105263158,0.47368421052631576,1.736842,1.0,0.0,1.0,2.2631578947368367,1.3502402378144376,0.4429350787444177
1.8421052631578947,0.47368421052631576,1.842105,1.0,0.0,1.0,2.368421052631544,1.367832364139656,0.460527205069636
1.9473684210526314,0.47368421052631576,1.947368,1.0,0.0,1.0,2.473684210526227,1.3836668193644515,0.47636166029443155
2.052631578947368,0.47368421052631576,2.052632,1.0,0.0,1.0,2.5789473684209634,1.3979192165807355,0.4906140575107156
2.1578947368421053,0.47368421052631576,2.157895,1.0,0.0,1.0,2.6842105263157547,1.4107476229595448,0.503442463889525
2.263157894736842,0.47368421052631576,2.263158,1.0,0.0,1.0,2.7894736842105203,1.4222943128056467,0.5149891537356268
2.3684210526315788,0.47368421052631576,2.368421,1.0,0.0,1.0,2.894736842105262,1.4326873454602955,0.5253821863902757
2.473684210526316,0.47368421052631576,2.473684,1.0,0.0,1.0,2.999999999999978,1.4420419855519806,0.5347368264819609
2.5789473684210527,0.47368421052631576,2.578947,1.0,0.0,1.0,3.105263157894669,1.4504619813465496,0.5431568222765298
2.6842105263157894,0.47368421052631576,2.684211,1.0,0.0,1.0,3.2105263157893615,1.4580407153743375,0.5507355563043176
2.789473684210526,0.47368421052631576,2.789474,1.0,0.0,1.0,3.31578947368416,1.4648622400954059,0.5575570810253861
2.894736842105263,0.47368421052631576,2.894737,1.0,0.0,1.0,3.4210526315789345,1.4710022100890137,0.5636970510189939
3.0,0.47368421052631576,3.0,1.0,0.0,1.0,3.526315789473684,1.4765287211058205,0.5692235620358005
1.0,0.5263157894736842,1.0,1.0,-0.0014529950920465166,1.0,1.473684210526316,1.1048859131407571,0.20104768151587427
1.1052631578947367,0.5263157894736842,1.105263,1.0,-0.0014812623488546321,1.0,1.5789473684210402,1.1415693332585732,0.2377500226531004
1.2105263157894737,0.5263157894736842,1.210526,1.0,-0.0013290819377514938,1.0,1.6842105263157396,1.1747106107583145,0.2707853457652071
1.3157894736842106,0.5263157894736842,1.315789,1.0,-0.0009010851395751502,1.0,1.7894736842104142,1.2047622903513684,0.30052371607462913
1.4210526315789473,0.5263157894736842,1.421053,1.0,-0.0005925050730858504,1.0,1.8947368421051953,1.231775014227576,0.3273023139168648
1.526315789473684,0.5263157894736842,1.526316,1.0,-0.0004662929971475443,1.0,1.9999999999999778,1.2559843339774135,0.35141283736217044
1.631578947368421,0.5263157894736842,1.631579,1.0,-0.00038318800658599224,1.0,2.1052631578947354,1.2777555118257813,0.3731171603525545
1.736842105263158,0.5263157894736842,1.736842,1.0,-0.0002592893738449313,1.0,2.210526315789468,1.297395018094409,0.3926545765017011
1.8421052631578947,0.5263157894736842,1.842105,1.0,-0.0001519869942988826,1.0,2.315789473684176,1.3150728837870567,0.41024214196681674
1.9473684210526314,0.5263157894736842,1.947368,1.0,-1.7118084935502748e-05,1.0,2.4210526315788585,1.3310205641884338,0.4260741907432354
2.052631578947368,0.5263157894736842,2.052632,1.0,0.00040108763680451396,1.0,2.5263157894735953,1.3456372166631339,0.4403263439878614
2.1578947368421053,0.5263157894736842,2.157895,1.0,0.0,1.0,2.6315789473683866,1.3581160440121764,0.45315989671386825
2.263157894736842,0.5263157894736842,2.263158,1.0,0.0,1.0,2.736842105263152,1.369662733858278,0.46471121872340304
2.3684210526315788,0.5263157894736842,2.368421,1.0,0.0,1.0,2.8421052631578934,1.380055766512927,0.47510842073104065
2.473684210526316,0.5263157894736842,2.473684,1.0,0.0,1.0,2.9473684210526097,1.3894104066046122,0.4844668136057605
2.5789473684210527,0.5263157894736842,2.578947,1.0,0.0,1.0,3.0526315789473006,1.3978304023991812,0.4928901872339031
2.6842105263157894,0.5263157894736842,2.684211,1.0,0.0,1.0,3.1578947368419934,1.405409136426969,0.5004719616078938
2.789473684210526,0.5263157894736842,2.789474,1.0,0.0,1.0,3.263157894736792,1.4122306611480375,0.5072962229069593
2.894736842105263,0.5263157894736842,2.894737,1.0,0.0,1.0,3.3684210526315663,1.4183706311416453,0.5134386560605604
3.0,0.5263157894736842,3.0,1.0,0.0,1.0,3.473684210526316,1.4238971421584519,0.5189673841371983
1.0,0.5789473684210527,1.0,1.0,-0.001499507414518491,1.0,1.4210526315789473,1.0522249075567252,0.15078576113690567
1.1052631578947367,0.5789473684210527,1.105263,1.0,-0.0015890291877139978,1.0,1.5263157894736716,1.0888656168919764,0.1874863952027055
1.2105263157894737,0.5789473684210527,1.210526,1.0,-0.0016099318492223944,1.0,1.631578947368371,1.1218817635984517,0.22052018180094424
1.3157894736842106,0.5789473684210527,1.315789,1.0,-0.0009844633769202655,1.0,1.7368421052630456,1.1520696793398466,0.2502534843662767
1.4210526315789473,0.5789473684210527,1.421053,1.0,-0.0007000817473720985,1.0,1.8421052631578267,1.1790618172567153,0.27702984954930465
1.526315789473684,0.5789473684210527,1.526316,1.0,-0.0004767154473603853,1.0,1.9473684210526092,1.2033445966742424,0.3011377794041902
1.631578947368421,0.5789473684210527,1.631579,1.0,-0.0003190770528392165,1.0,2.0526315789473673,1.2251755068210928,0.3228418761835272
1.736842105263158,0.5789473684210527,1.736842,1.0,-0.0002232734138095813,1.0,2.1578947368421,1.2447931151069525,0.3423805449352092
1.8421052631578947,0.5789473684210527,1.842105,1.0,-0.0001308944115129742,1.0,2.2631578947368074,1.262459055070483,0.3599687438447867
1.9473684210526314,0.5789473684210527,1.947368,1.0,9.167451036666575e-05,1.0,2.36842105263149,1.2784822581061475,0.3758011265635267
2.052631578947368,0.5789473684210527,2.052632,1.0,0.00044982117260805127,1.0,2.4736842105262267,1.2930481113698584,0.390054830421239
2.1578947368421053,0.5789473684210527,2.157895,1.0,0.0027640070124319207,0.9998013720446073,2.578947368421018,1.3078449661691782,0.40288900858688703
2.263157894736842,0.5789473684210527,2.263158,1.0,0.00877475265183,0.9999110143852373,2.6842105263157836,1.3248516608346828,0.4144676577121831
2.3684210526315788,0.5789473684210527,2.368421,1.0,0.036505419914253,0.9972692787829326,2.7894736842105248,1.3592987315588267,0.424952287942994
2.473684210526316,0.5789473684210527,2.473684,1.0,0.0,1.0,2.894736842105241,1.3367788276572439,0.434654732855701
2.5789473684210527,0.5789473684210527,2.578947,1.0,0.0,1.0,2.999999999999932,1.3451988234518129,0.4433877834660228
2.6842105263157894,0.5789473684210527,2.684211,1.0,0.0,1.0,3.105263157894625,1.3527775574796004,0.45124829425980817
2.789473684210526,0.5789473684210527,2.789474,1.0,0.0,1.0,3.2105263157894233,1.3595990822006692,0.45832344276131665
2.894736842105263,0.5789473684210527,2.894737,1.0,0.0,1.0,3.3157894736841977,1.365739052194277,0.4646916963814217
3.0,0.5789473684210527,3.0,1.0,0.0,1.0,3.4210526315789473,1.3712655632110833,0.47042368266571444
1.0,0.631578947368421,1.0,1.0,-0.0017283644547925368,1.0,1.368421052631579,0.9994485275987708,0.10052384075793708
1.1052631578947367,0.631578947368421,1.105263,1.0,-0.001685423524331053,1.0,1.4736842105263033,1.036169509845603,0.137216076586283
1.2105263157894737,0.631578947368421,1.210526,1.0,-0.0017560827471351963,1.0,1.5789473684210027,1.0691475193733613,0.17024372224229267
1.3157894736842106,0.631578947368421,1.315789,1.0,-0.001171448178027919,1.0,1.6842105263156772,1.099301222550742,0.19997149742151132
1.4210526315789473,0.631578947368421,1.421053,1.0,-0.0009342554477472914,1.0,1.7894736842104584,1.1262525619373327,0.22674285629928714
1.526315789473684,0.631578947368421,1.526316,1.0,-0.0005266424749789982,1.0,1.8947368421052408,1.150673936142599,0.25084514137198566
1.631578947368421,0.631578947368421,1.631579,1.0,-0.00034943187531668104,1.0,1.9999999999999987,1.1725195090909748,0.27254815455733405
1.736842105263158,0.631578947368421,1.736842,1.0,-0.00021129017111753672,1.0,2.1052631578947314,1.1921714099046137,0.2920862302251962
1.8421052631578947,0.631578947368421,1.842105,1.0,-5.465842623493624e-06,1.0,2.210526315789439,1.2099330276980211,0.30967463989969257
1.9473684210526314,0.631578947368421,1.947368,1.0,0.0001515601157725167,1.0,2.315789473684122,1.2259020211052545,0.32550900857608434
2.052631578947368,0.631578947368421,2.052632,1.0,0.0015922347194498834,0.9998588486248866,2.421052631578858,1.2413601109960177,0.33976356605104074
2.1578947368421053,0.631578947368421,2.157895,1.0,0.003877427558495406,0.9996405267776161,2.5263157894736494,1.2561488991037038,0.3526124145338768
2.263157894736842,0.631578947368421,2.263158,1.0,0.014386588179540258,0.9987137995142593,2.631578947368415,1.2768049699837736,0.36420396274472544
2.3684210526315788,0.631578947368421,2.368421,1.0,0.0542213202918584,0.99702335836552,2.7368421052631566,1.3227004604592683,0.3747475963998691
2.473684210526316,0.631578947368421,2.473684,1.0,0.14972708322021858,0.9941682307392166,2.8421052631578725,1.418114116354651,0.38462346046260687
2.5789473684210527,0.631578947368421,2.578947,1.0,0.32487650704042503,0.9865540445240142,2.9473684210525635,1.5833727555233672,0.39440343041820214
2.6842105263157894,0.631578947368421,2.684211,1.0,0.0,1.0,3.0526315789472562,1.3001459785322322,0.4048913353080066
2.789473684210526,0.631578947368421,2.789474,1.0,0.0,1.0,3.1578947368420547,1.3069675032533006,0.41433136872463006
2.894736842105263,0.631578947368421,2.894737,1.0,0.0,1.0,3.263157894736829,1.3131074732469084,0.4228282259943408
3.0,0.631578947368421,3.0,1.0,0.0,1.0,3.3684210526315788,1.3186339842637151,0.430476142084839
1.0,0.6842105263157894,1.0,1.0,-0.014119520995465788,0.9955449504499708,1.3157894736842106,0.9375414368566928,0.05975219033389223
1.1052631578947367,0.6842105263157894,1.105263,1.0,-0.0012268642422830914,1.0,1.421052631578935,0.9838448712574891,0.09650789855432329
1.2105263157894737,0.6842105263157894,1.210526,1.0,-0.0016753056152256985,1.0,1.5263157894736343,1.0165726839808886,0.1295912567176719
1.3157894736842106,0.6842105263157894,1.315789,1.0,-0.001403344227223738,1.0,1.6315789473683089,1.0464998765213198,0.15936917803537365
1.4210526315789473,0.6842105263157894,1.421053,1.0,-0.0009643527714512417,1.0,1.73684210526309,1.0735981460618673,0.18617191654895027
1.526315789473684,0.6842105263157894,1.526316,1.0,-0.0005986914817074113,1.0,1.8421052631578725,1.0979859581441076,0.21029672983469538
1.631578947368421,0.6842105263157894,1.631579,1.0,-0.00026592730997991625,1.0,1.9473684210526303,1.1199551045330454,0.23201117575884078
1.736842105263158,0.6842105263157894,1.736842,1.0,-0.00010287788778160756,1.0,2.052631578947363,1.1396291574862796,0.25155607984608785
1.8421052631578947,0.6842105263157894,1.842105,1.0,-1.188245943213546e-05,1.0,2.1578947368420707,1.157296049052434,0.2691482061713062
1.9473684210526314,0.6842105263157894,1.947368,1.0,0.0010828514097322222,0.9998652703998857,2.2631578947367537,1.1740262574938751,0.28498266139610173
2.052631578947368,0.6842105263157894,2.052632,1.0,0.002313741363752479,0.999709004073985,2.36842105263149,1.1893173282987637,0.29925050019976684
2.1578947368421053,0.6842105263157894,2.157895,1.0,0.006880046515507149,0.9991777853462723,2.4736842105262813,1.2060438510959983,0.31210862255733374
2.263157894736842,0.6842105263157894,2.263158,1.0,0.026696741474326165,0.9979530037648202,2.578947368421047,1.235003883184454,0.3237350280759994
2.3684210526315788,0.6842105263157894,2.368421,1.0,0.08231509101848991,0.9944806784569051,2.684210526315788,1.2947000549375387,0.3344092576564487
2.473684210526316,0.6842105263157894,2.473684,1.0,0.19778412460511852,0.9838699149431407,2.7894736842105043,1.4057754632052741,0.34456650604640826
2.5789473684210527,0.6842105263157894,2.578947,1.0,0.3880576979653234,0.9813604817180314,2.8947368421051953,1.5861437841102835,0.3548279488439883
2.6842105263157894,0.6842105263157894,2.684211,1.0,0.6789017578366997,0.9663184018296983,2.999999999999888,1.8494362141025982,0.36599987310684845
2.789473684210526,0.6842105263157894,2.789474,1.0,0.0,1.0,3.1052631578946865,1.2543359243059324,0.37944994929857234
2.894736842105263,0.6842105263157894,2.894737,1.0,0.0,1.0,3.210526315789461,1.2604758942995402,0.391556196450893
3.0,0.6842105263157894,3.0,1.0,0.0,1.0,3.3157894736842106,1.2660024053163466,0.40245287971304855
1.0,0.7368421052631579,1.0,1.0,-0.11576421885745034,0.954976487200403,1.263157894736842,0.8078806074457174,0.031728927962101694
1.1052631578947367,0.7368421052631579,1.105263,1.0,-0.05070979727680767,0.9634544702197568,1.3684210526315663,0.888079703662514,0.06848463618253275
1.2105263157894737,0.7368421052631579,1.210526,1.0,-0.0038251016924928318,0.9993508742293479,1.4736842105262657,0.9622594528304781,0.10156799434588137
1.3157894736842106,0.7368421052631579,1.315789,1.0,-0.0011479390564298323,1.0,1.5789473684209403,0.9940552744724656,0.1313459156635831
1.4210526315789473,0.7368421052631579,1.421053,1.0,-0.0006083174602791054,1.0,1.6842105263157214,1.0212367018136987,0.15814865417715973
1.526315789473684,0.7368421052631579,1.526316,1.0,-0.0002460967489080744,1.0,1.789473684210504,1.045630375149267,0.18227346746290485
1.631578947368421,0.7368421052631579,1.631579,1.0,-0.0003028990121715024,1.0,1.894736842105262,1.0672937842480148,0.20398791338705025
1.736842105263158,0.7368421052631579,1.736842,1.0,0.0004006992214056534,0.999796611073035,1.9999999999999947,1.087358951423488,0.22353281747429732
1.8421052631578947,0.7368421052631579,1.842105,1.0,0.0010468524008343581,0.9997770348663193,2.105263157894702,1.1054966511428654,0.24113199436332033
1.9473684210526314,0.7368421052631579,1.947368,1.0,0.001875311212102837,0.9996933790837494,2.210526315789385,1.1220357839216097,0.25698303460510175
2.052631578947368,0.7368421052631579,2.052632,1.0,0.004869157292699184,0.9992374554196748,2.3157894736841214,1.1388031018700948,0.2712621845787173
2.1578947368421053,0.7368421052631579,2.157895,1.0,0.01767680258789198,0.9975399359912495,2.4210526315789127,1.1625581072641373,0.2841532068054946
2.263157894736842,0.7368421052631579,2.263158,1.0,0.05297060189467537,0.9907595125102223,2.5263157894736783,1.2040166851041492,0.29590581987863585
2.3684210526315788,0.7368421052631579,2.368421,1.0,0.1333741556965018,0.9873296418765102,2.6315789473684195,1.2862106332962044,0.3068642194514708
2.473684210526316,0.7368421052631579,2.473684,1.0,0.2685138523435937,0.9799534975690555,2.7368421052631358,1.4161646068787717,0.31755355580855393
2.5789473684210527,0.7368421052631579,2.578947,1.0,0.47721785184130067,0.9587169126114637,2.8421052631578267,1.6072669553407335,0.32856707109638483
2.6842105263157894,0.7368421052631579,2.684211,1.0,0.7798412997959445,0.9384295900895331,2.9473684210525195,1.8778799094716667,0.3407808413280742
2.789473684210526,0.7368421052631579,2.789474,1.0,1.2183253584829863,0.9440017890825476,3.052631578947318,2.2589404660870276,0.35565944689038265
2.894736842105263,0.7368421052631579,2.894737,1.0,0.0,1.0,3.1578947368420924,1.2078443153521716,0.37642187917684067
3.0,0.7368421052631579,3.0,1.0,0.0,1.0,3.263157894736842,1.2133708263689782,0.39510988756878207
1.0,0.7894736842105263,1.0,1.0,-0.663343467775173,0.5654068289826364,1.2105263157894737,0.2661852307268433,0.024385935817835214
1.1052631578947367,0.7894736842105263,1.105263,1.0,-0.27505873968851335,0.7781087914817,1.315789473684198,0.6372560539013581,0.061141644038266274
1.2105263157894737,0.7894736842105263,1.210526,1.0,-0.13078081038556463,0.8728664121911784,1.4210526315788974,0.7914769127017647,0.0942250022016149
1.3157894736842106,0.7894736842105263,1.315789,1.0,-0.03573912384767806,0.9607039711825919,1.526315789473572,0.9076700544289252,0.12400292351931663
1.4210526315789473,0.7894736842105263,1.421053,1.0,-0.007002179566381064,0.9945378050248356,1.631578947368353,0.9625993241092952,0.15080566203289325
1.526315789473684,0.7894736842105263,1.526316,1.0,0.00041266140504064614,0.9991272471627457,1.7368421052631355,0.993330633851101,0.17493047531863837
1.631578947368421,0.7894736842105263,1.631579,1.0,0.0014807140973237475,0.9986849583602051,1.8421052631578934,1.0158198507460163,0.19665388380567317
1.736842105263158,0.7894736842105263,1.736842,1.0,0.0015545495167769436,0.9977363033242068,1.947368421052626,1.035254814897528,0.21622774974475256
1.8421052631578947,0.7894736842105263,1.842105,1.0,0.0028628748020565918,0.9969206299594396,2.0526315789473335,1.0538031085335429,0.23384724516924715
1.9473684210526314,0.7894736842105263,1.947368,1.0,0.006571635665026283,0.9943567924922363,2.1578947368420165,1.0723204135939448,0.24972709740888865
2.052631578947368,0.7894736842105263,2.052632,1.0,0.02022109421153678,0.9922270993849965,2.2631578947367528,1.0980916897400759,0.26407346461712133
2.1578947368421053,0.7894736842105263,2.157895,1.0,0.05208214747432411,0.9837810255420172,2.368421052631544,1.1374472383390704,0.2771639158982707
2.263157894736842,0.7894736842105263,2.263158,1.0,0.1127287430914531,0.9754791558222405,2.4736842105263097,1.2016585967656332,0.2893279180894959
2.3684210526315788,0.7894736842105263,2.368421,1.0,0.21474368672421826,0.959238114367151,2.5789473684210513,1.3006319633595795,0.30096113331179397
2.473684210526316,0.7894736842105263,2.473684,1.0,0.37489248443348644,0.9404955414098543,2.684210526315767,1.4502870671982595,0.3125566226625216
2.5789473684210527,0.7894736842105263,2.578947,1.0,0.6025660726930006,0.932773021780038,2.789473684210458,1.660369566285203,0.3248063271500199
2.6842105263157894,0.7894736842105263,2.684211,1.0,0.9256030305906503,0.9356749551143809,2.894736842105151,1.95030262775516,0.33865116221513103
2.789473684210526,0.7894736842105263,2.789474,1.0,1.343590352522586,0.9042240569111251,2.9999999999999494,2.298415385349868,0.3558645259521884
2.894736842105263,0.7894736842105263,2.894737,1.0,0.0,1.0,3.105263157894724,1.155212736404803,0.3793976792986652
3.0,0.7894736842105263,3.0,1.0,0.0,1.0,3.2105263157894735,1.1607392474216098,0.400579579432526
1.0,0.8421052631578947,1.0,1.0,-1.1328613181258023,0.18715967608761966,1.1578947368421053,-0.2218075388771985,0.029855627681579233
1.1052631578947367,0.8421052631578947,1.105263,1.0,-0.7782912548130202,0.37904152687835424,1.2631578947368296,0.12950870702055203,0.0666113359020103
1.2105263157894737,0.8421052631578947,1.210526,1.0,-0.44299455530652315,0.5857383455186425,1.368421052631529,0.45811553198825455,0.09969469406535891
1.3157894736842106,0.8421052631578947,1.315789,1.0,-0.2814059585474907,0.6332749258653461,1.4736842105262036,0.61612127399769,0.12947261538306065
1.4210526315789473,0.8421052631578947,1.421053,1.0,-0.16669293233727275,0.8030740895641781,1.5789473684209847,0.7557223720936774,0.15627535389663727
1.526315789473684,0.8421052631578947,1.526316,1.0,-0.08200170094545604,0.9064822945639442,1.6842105263157672,0.8609028724223076,0.1804001671823824
1.631578947368421,0.8421052631578947,1.631579,1.0,-0.015769578337151608,0.9840499824835163,1.789473684210525,0.9470469349870327,0.20211461310652779
1.736842105263158,0.8421052631578947,1.736842,1.0,0.013797542632643609,0.9831915407690855,1.8947368421052577,0.9905165133457535,0.22165951719377486
1.8421052631578947,0.8421052631578947,1.842105,1.0,0.021508916734872454,0.9721232781281587,1.9999999999999654,1.0130729096513227,0.2394960538857932
1.9473684210526314,0.8421052631578947,1.947368,1.0,0.03963112740532468,0.956673905651378,2.1052631578946484,1.0422690735949178,0.2556747802668665
2.052631578947368,0.8421052631578947,2.052632,1.0,0.07767181067905535,0.9414071725704374,2.2105263157893846,1.0875481534901965,0.27050335798274305
2.1578947368421053,0.8421052631578947,2.157895,1.0,0.13551392966127368,0.921207418311893,2.315789473684176,1.1486277188928349,0.28436788785611367
2.263157894736842,0.8421052631578947,2.263158,1.0,0.23660415994458653,0.9038825121901306,2.4210526315789416,1.247533532341578,0.2975902927626717
2.3684210526315788,0.8421052631578947,2.368421,1.0,0.3813368775100171,0.8463341032688035,2.5263157894736827,1.3778739909985087,0.3107576364937552
2.473684210526316,0.8421052631578947,2.473684,1.0,0.5556405797088342,0.7976441015666182,2.631578947368399,1.5346903250029937,0.3244550821116525
2.5789473684210527,0.8421052631578947,2.578947,1.0,0.7764813704082584,0.8004766943749626,2.73684210526309,1.7379806637326487,0.3391316163573126
2.6842105263157894,0.8421052631578947,2.684211,1.0,1.0600965470084698,0.7737929958221393,2.842105263157783,1.9851881681171344,0.35560634387825096
2.789473684210526,0.8421052631578947,2.789474,1.0,1.4425939440651492,0.8513289479233623,2.9473684210525812,2.316963883341707,0.37529769598508445
2.894736842105263,0.8421052631578947,2.894737,1.0,2.0218139467241505,0.8330967102675457,3.0526315789473557,2.735626746980752,0.40127995083348733
3.0,0.8421052631578947,3.0,1.0,0.0,1.0,3.1578947368421053,1.1081076684742412,0.4430162253830584
1.0,0.894736842105263,1.0,1.0,-1.4902564406846992,0.033966581608191576,1.105263157894737,-0.5695697188542298,0.07229227363211166
1.1052631578947367,0.894736842105263,1.105263,1.0,-1.1750745116810843,0.1528049654234139,1.2105263157894612,-0.26123945276006666,0.10904798185254272
1.2105263157894737,0.894736842105263,1.210526,1.0,-0.8581090665624415,0.28843162881868717,1.3157894736841607,0.045894062930180765,0.14213134001589134
1.3157894736842106,0.894736842105263,1.315789,1.0,-0.5510317329058494,0.32772109042927167,1.4210526315788352,0.3288508553712589,0.17190926133359308
1.4210526315789473,0.894736842105263,1.421053,1.0,-0.4197705083068368,0.5027352992042498,1.5263157894736163,0.4744622459342734,0.1987119998471697
1.526315789473684,0.894736842105263,1.526316,1.0,-0.3402339642258924,0.5142506400045518,1.6315789473683988,0.5592413372658986,0.2228368131329148
1.631578947368421,0.894736842105263,1.631579,1.0,-0.22782022660908224,0.6381768528254813,1.7368421052631566,0.6835900935754315,0.2445512590570602
1.736842105263158,0.894736842105263,1.736842,1.0,-0.14646084312091506,0.7583583588952919,1.8421052631578894,0.781279412615819,0.2640961631443073
1.8421052631578947,0.894736842105263,1.842105,1.0,-0.04114566551836673,0.6956000134428645,1.947368421052597,0.8799805368678376,0.2816882894695256
1.9473684210526314,0.894736842105263,1.947368,1.0,0.08755759915190837,0.6560109372376823,2.0526315789472798,1.000909299012904,0.29752274469432116
2.052631578947368,0.894736842105263,2.052632,1.0,0.20639045763994132,0.6698306385107752,2.1578947368420165,1.1190696319481035,0.3130793094049312
2.1578947368421053,0.894736842105263,2.157895,1.0,0.3041682233765571,0.6211317272069092,2.263157894736808,1.212898200141187,0.32884841080926563
2.263157894736842,0.894736842105263,2.263158,1.0,0.4131765884591117,0.5751693455079125,2.3684210526315734,1.3164806244025047,0.34449991498538357
2.3684210526315788,0.894736842105263,2.368421,1.0,0.5439865926186096,0.5371301578528992,2.473684210526314,1.4392177642941353,0.36021014719311906
2.473684210526316,0.894736842105263,2.473684,1.0,0.7078754142329873,0.5042231045157441,2.578947368421031,1.5899031432752877,0.37632689679763764
2.5789473684210527,0.894736842105263,2.578947,1.0,0.9211885350668823,0.49756082490259745,2.684210526315722,1.782997767624421,0.3934167471907618
2.6842105263157894,0.894736842105263,2.684211,1.0,1.1793226922393067,0.5484776009383934,2.7894736842104146,2.0150149785451887,0.4124566077538445
2.789473684210526,0.894736842105263,2.789474,1.0,1.537608762735092,0.7764841775484314,2.894736842105213,2.333372953494881,0.43464137082853227
2.894736842105263,0.894736842105263,2.894737,1.0,2.0853324874206094,0.6849160383217017,2.9999999999999876,2.7123057897290126,0.46321341084521517
3.0,0.894736842105263,3.0,1.0,0.0,1.0,3.105263157894737,1.055476089526873,0.5076867186519816
1.0,0.9473684210526315,1.0,1.0,-1.60940814792768,0.0,1.0526315789473686,-0.682986226144558,0.1369627669010347
1.1052631578947367,0.9473684210526315,1.105263,1.0,-1.3538743700801241,0.010045335860038068,1.1578947368420929,-0.43885433620012615,0.17371847512146577
1.2105263157894737,0.9473684210526315,1.210526,1.0,-1.0987449386935855,0.1558892706394732,1.2631578947367923,-0.18987385435434362,0.20680183328481438
1.3157894736842106,0.9473684210526315,1.315789,1.0,-0.8344825249597513,0.1416385418727902,1.3684210526314668,0.05651965658972872,0.23657975460251612
1.4210526315789473,0.9473684210526315,1.421053,1.0,-0.5761851671817007,0.22082816854808193,1.473684210526248,0.2997277447180783,0.26338249311609274
1.526315789473684,0.9473684210526315,1.526316,1.0,-0.487410500683303,0.23539329574358006,1.5789473684210305,0.39148829707808963,0.28750730640183786
1.631578947368421,0.9473684210526315,1.631579,1.0,-0.4073770587551674,0.2155567923820382,1.684210526315788,0.4738035046390677,0.30922175232598326
1.736842105263158,0.9473684210526315,1.736842,1.0,-0.2997740058944604,0.23305456935280622,1.7894736842105208,0.5820225651885655,0.32876665641323033
1.8421052631578947,0.9473684210526315,1.842105,1.0,-0.18202578966475036,0.23578329262690545,1.8947368421052286,0.6982752686036371,0.34635878273844867
1.9473684210526314,0.9473684210526315,1.947368,1.0,-0.05004703718639562,0.27212009388822833,1.9999999999999112,0.8285895576906028,0.3621932379632442
2.052631578947368,0.9473684210526315,2.052632,1.0,0.08146067113908119,0.2140850050013956,2.105263157894648,0.9534346423259473,0.3764456351795282
2.1578947368421053,0.9473684210526315,2.157895,1.0,0.22538160953167677,0.15371683261876465,2.2105263157894393,1.0886880885808299,0.39036279546361285
2.263157894736842,0.9473684210526315,2.263158,1.0,0.35966001248511564,0.14174877601223615,2.315789473684205,1.218074114642869,0.40482849665100773
2.3684210526315788,0.9473684210526315,2.368421,1.0,0.516721306804667,0.26850191614477,2.421052631578946,1.373882856494279,0.4197200722508537
2.473684210526316,0.9473684210526315,2.473684,1.0,0.7168020750334416,0.45045883675527604,2.5263157894736623,1.5679283213644428,0.4354033305573838
2.5789473684210527,0.9473684210526315,2.578947,1.0,0.9612640019632821,0.46652060984621957,2.6315789473683533,1.7874600289723142,0.4526464191833933
2.6842105263157894,0.9473684210526315,2.684211,1.0,1.2618237614712489,0.10899722231824233,2.736842105263046,2.026422667071436,0.4724648067723396
2.789473684210526,0.9473684210526315,2.789474,1.0,1.6397638115038218,0.0,2.8421052631578445,2.3230351638283544,0.49655745580262634
2.894736842105263,0.9473684210526315,2.894737,1.0,2.1798651506526374,0.0,2.947368421052619,2.6906102673000767,0.5282025668257943
3.0,0.9473684210526315,3.0,1.0,3.0000003367710097,0.027166066930129757,3.0526315789473686,3.001429792996266,0.5770851835892228
1.0,1.0,1.0,1.0,-1.6098472770911412,0.0,1.0,-0.6833930521212374,0.1858814539072945
1.1052631578947367,1.0,1.105263,1.0,-1.3543979977987997,0.0,1.1052631578947243,-0.43986190281800996,0.2077136918980288
1.2105263157894737,1.0,1.210526,1.0,-1.1026221168047303,0.0,1.2105263157894237,-0.20157134245863972,0.22972713512856613
1.3157894736842106,1.0,1.315789,1.0,-0.8553013381062721,0.0,1.3157894736840983,0.03064552337003812,0.24954116299157925
1.4210526315789473,1.0,1.421053,1.0,-0.6127351637311693,0.0,1.4210526315788794,0.2564258462186524,0.26805189904305626
1.526315789473684,1.0,1.526316,1.0,-0.4333816580727308,0.0,1.5263157894736619,0.42571729749776804,0.2859280397416457
1.631578947368421,1.0,1.631579,1.0,-0.3687062006400873,0.0,1.6315789473684197,0.4959971012083043,0.3029924557998869
1.736842105263158,1.0,1.736842,1.0,-0.2567535801023737,0.0,1.7368421052631524,0.6070416255867046,0.3192846938685371
1.8421052631578947,1.0,1.842105,1.0,-0.13514831854444917,0.0,1.84210526315786,0.7264027270726846,0.33394913575808516
1.9473684210526314,1.0,1.947368,1.0,-0.006727493423482342,0.0,1.9473684210525428,0.8515799856155456,0.34971599733018754
2.052631578947368,1.0,2.052632,1.0,0.13972046469318036,0.0,2.0526315789472793,0.9920705301703275,0.36620099928805405
2.1578947368421053,1.0,2.157895,1.0,0.29646894489998826,0.0,2.1578947368420707,1.1410181131570574,0.3822724358520989
2.263157894736842,1.0,2.263158,1.0,0.46045774999325484,0.0,2.2631578947368363,1.2956045906587557,0.3978038974525958
2.3684210526315788,1.0,2.368421,1.0,0.6380999653321985,0.0,2.3684210526315774,1.460872469996968,0.41427476792152007
2.473684210526316,1.0,2.473684,1.0,0.8303719490633595,0.0,2.4736842105262937,1.6370333564801074,0.43198198767382967
2.5789473684210527,1.0,2.578947,1.0,1.0494250615966716,0.0,2.5789473684209847,1.832785931960455,0.4512989053958697
2.6842105263157894,1.0,2.684211,1.0,1.32292897446573,0.0,2.6842105263156775,2.066596910929084,0.4729438350844686
2.789473684210526,1.0,2.789474,1.0,1.6862993304405314,0.0,2.789473684210476,2.354483222003689,0.4985545800200716
2.894736842105263,1.0,2.894737,1.0,2.2088254043112276,0.0,2.8947368421052504,2.7051944123082095,0.5317071150617342
3.0,1.0,3.0,1.0,3.0,1.0,3.0,3.0,0.5820260829656854
